model,scope,calculated_shd,in.comstock_building_type,in.state_name,infiltration_x_HDD,in.hvac_category,out.params.hdd50f,in.hvac_heat_type,out.params.hdd65f,ventilation_load_proxy,floor_area_m2,out.params.average_outdoor_air_fraction,HDD65_x_UA_per_area,UA_total,UA_per_area,in.window_to_wall_ratio_category,in.wall_construction_type,in.interior_lighting_generation,operating_hours_week,in.window_type,in.number_of_stories,in.year_built,in.building_subtype,infiltration_to_UA_ratio,in.weekday_opening_time..hr,in.rotation..degrees,in.weekend_opening_time..hr,is_very_cold
catboost,global,0.22477476411814448,0.22182730245907878,0.2194126836326853,0.17769856262344055,0.16798022982351019,0.1658908605022465,0.15870201932572295,0.132431087117668,0.12092256505407806,0.09585570037279832,0.0944161026080629,0.07671129811085538,0.05224080702697738,0.049239998684954656,0.048532896352713024,0.02714081304379008,0.024160170635725748,0.02187674292768599,0.020200507402411166,0.019464528059125796,0.018932031551000233,0.0156733804761889,0.009885464405818384,0.009383680363598695,0.009231940215170138,0.0018704879713307202,0.0
catboost,zone_Cold_and_Very_Cold,0.16286682003541278,0.24308772652524285,0.07522345025196876,0.13458679227015266,0.11081293635849572,0.07058507083863186,0.06962148596860597,0.03508994963668428,0.08014085202034613,0.1399321280889502,0.08042013154622857,0.04649382198686873,0.0379990876836233,0.034737799269655915,0.0484467978339821,0.014513182424372582,0.01596245581196194,0.013286420049919475,0.02102517794239457,0.022073695967379653,0.01318624434126171,0.011838358764744119,0.005183314193811858,0.005888598815467525,0.006826277153666295,0.002076902741760359,0.0023823314849617393
catboost,zone_Hot-Dry,0.15064971184346646,0.17827396707005594,0.41913925480046704,0.10889500938230141,0.3246673039471476,0.06061714733539817,0.19186516584138422,0.23685491491749047,0.11802753615440585,0.061959489954589025,0.12131654520273899,0.05539443674357832,0.038737468199677355,0.021434558824074156,0.0672817671198821,0.022931768522835346,0.021922714941043826,0.039014723369368016,0.015044111965227966,0.007082083792115695,0.021451302038104015,0.022462968861327193,0.007471423716845144,0.008170640063717507,0.008024825580258318,0.006342224077664642,0.0
catboost,zone_Hot-Humid,0.08417701194482653,0.3160910865522234,0.0958408051316554,0.16177416867423292,0.19061209967381607,0.12293027937228541,0.1498843758727614,0.21633192154266848,0.1659774077915027,0.06728149530709632,0.12274976510973112,0.1375104487933938,0.057751756493907506,0.058165755886357466,0.031160184172184028,0.048621705213921014,0.027523929203690792,0.027070858466770112,0.014129044984663178,0.03196426136763173,0.02573879822413137,0.02100962543266383,0.009446639473922203,0.018809682719677773,0.01910196239006646,0.005176688910441195,0.0
catboost,zone_Marine,0.20448944503044247,0.22674598753224717,0.17433969441741826,0.07608997146019446,0.23775193881092876,0.03819914016558132,0.19144770398869043,0.05411519702068741,0.12245700299867937,0.08413540255675446,0.10099831928993798,0.027276322029029923,0.024831350707367396,0.01860779688925701,0.0895617000894561,0.015976132017109835,0.018910242602732177,0.033701492420340796,0.023776190516407038,0.023561089347156387,0.01588290133827126,0.011935878298973572,0.011755600353105524,0.006865940577301779,0.0067186295849981734,0.005248074214244742,0.0
catboost,zone_Mixed-Dry,0.1701575493363113,0.21809282172034225,0.19037769962072734,0.1694981745900283,0.11068149721815039,0.07756924561361644,0.06544351521584472,0.05816564786709823,0.1315368410051485,0.06419192684603929,0.13877480402003115,0.03946371690645815,0.10674187647902757,0.0468074295212377,0.05752692941102714,0.020547151564336334,0.017449513560532426,0.025561114252170163,0.01599187685118392,0.01268325056858133,0.02626683554163383,0.015819024239075802,0.0149666165701623,0.01532634796770034,0.02113940202749113,0.012499216887117108,0.0
catboost,zone_Mixed-Humid,0.16809847566587355,0.2674609913882897,0.07439728627421639,0.15427245727516786,0.09844401089141994,0.07348606191791737,0.14773163487968546,0.05698633336538811,0.09385352526304416,0.13463699127801132,0.12904429211695181,0.06309978917363529,0.03153149298511573,0.020246391400842403,0.054780096190997336,0.020482297903584554,0.0214522321267543,0.011506820528828015,0.022599471962459608,0.024622922949129745,0.018526455813374518,0.013380035466018307,0.005660215530185832,0.01213959940207539,0.011475140198196704,0.0009047540313027705,0.0
lightgbm,global,0.2194812549767171,0.2030117290265855,0.19575124119539944,0.18445724676837785,0.1510131440137077,0.20947297569870726,0.217719770937362,0.3022584124243759,0.2600325990129022,0.09652113189028216,0.1887949312647775,0.07042487320308721,0.05435710567099754,0.03757625391221884,0.07858832766250323,0.028158089667891815,0.03465343445592185,0.0287534629097426,0.03561485353761323,0.018154408624778233,0.01790099166179982,0.015046627757641302,0.008397273848333291,0.011098881102308805,0.01081042912175086,0.003947178524498676,0.0
lightgbm,zone_Cold_and_Very_Cold,0.166491880037321,0.35137816910775677,0.10793477914839905,0.13680392717176595,0.08014334928763747,0.08079702647703112,0.11237236126645299,0.029357588283146004,0.1068231160463826,0.16075437797819195,0.14604444361754051,0.06081330232706291,0.02813602832872466,0.022296001923297927,0.06645397430440503,0.012915183585472279,0.029701994949324267,0.016206361115826066,0.033512283479862535,0.023752284644448986,0.017423537868255196,0.011093785063471638,0.0046410133296164195,0.006665655340343866,0.008642656092229166,0.0035070109203944595,0.001675458220853683
lightgbm,zone_Hot-Dry,0.15352762735657155,0.22728608298488256,0.42260929255421004,0.10662712114681942,0.38129023842945375,0.09793321237053756,0.2950354143010449,0.3003079901792208,0.13171125253615346,0.056998260521994026,0.17381575141910907,0.05038402421341283,0.04015185330281217,0.0242108620975825,0.10364296901622042,0.030031326089567725,0.03315240032303506,0.041939209831198906,0.03675562106277587,0.006452212456493612,0.017617259075805698,0.017537806431479255,0.00953196584773277,0.009146333350476273,0.012956361745918655,0.007449200971588163,0.0
lightgbm,zone_Hot-Humid,0.07492443763543992,0.26122757015253933,0.05289595119946394,0.16772605950376385,0.20630076110897813,0.08810021112484628,0.2194463496758922,0.35664918902387444,0.3165651290968239,0.11133936139966678,0.16752708991513038,0.15908667862593162,0.02338335724029094,0.03648126300657385,0.04085736593911918,0.04960685405360874,0.04933227543361225,0.03682706167474914,0.02479422939309273,0.030576255562607766,0.02859556491592603,0.026221974119829884,0.009247722883093794,0.02003040931064113,0.02367110358625309,0.007391968282964311,0.0
lightgbm,zone_Marine,0.2275198765373794,0.15765916128999644,0.09447781775098162,0.06966063835163765,0.27823750657660007,0.03209430208593664,0.29661642158653895,0.06756778443474518,0.24026354134435948,0.07928252855718433,0.1365284695112778,0.025342478392015866,0.06133059318382247,0.013093831710516323,0.11418663749181657,0.020671883761190925,0.02775756295014983,0.03984861828988108,0.039601155462731095,0.020612910100608985,0.019556409598045266,0.013980478186912755,0.01307864174028713,0.008110939017757678,0.00922851115203321,0.007629963859704486,0.0
lightgbm,zone_Mixed-Dry,0.19856251290645208,0.15550326104051873,0.16389868883155403,0.16210566385447403,0.10848678266407405,0.15140014279156636,0.11545172425002644,0.056319919508066515,0.2813538306689581,0.13170473685204134,0.2000380511201917,0.026046374427652536,0.07992093959282374,0.039774329697851905,0.07056177089838218,0.018388903949783333,0.032637364366939106,0.045094004576656854,0.03194457164275516,0.013560006076983894,0.026184165134067926,0.014444571482755662,0.017674583717476947,0.01794237176872282,0.024045527393884908,0.016775661267082794,0.0
lightgbm,zone_Mixed-Humid,0.15369986595835322,0.32889728730336765,0.049594202126363444,0.1529705191317477,0.0895332460835677,0.06783544978057954,0.218423406851386,0.10761785551224497,0.19631673424731588,0.16726242009848136,0.1709073230441941,0.07711642806906586,0.021808713614163203,0.018005167964386407,0.0731886005739784,0.023145216231240513,0.03916369256852117,0.019314190078246547,0.03411712764171774,0.024630588640516957,0.02013282053399227,0.03291106093737924,0.007420259313111481,0.012676111945237373,0.00987809230024388,0.0010331949207206712,0.0
xgboost,global,0.15760698914527893,1.5612165071070194,2.1572390644578263,0.12809331715106964,0.8319714814424515,0.1139797493815422,1.315573469735682,0.14038512110710144,0.2304588109254837,0.12832066416740417,0.2900826632976532,0.07861591130495071,0.06258787959814072,0.06921794265508652,0.2154467524960637,0.0669828625395894,0.07759436103515327,0.05753915384411812,0.15106547717005014,0.02474803850054741,0.02881278283894062,0.15380378998816013,0.017366506159305573,0.030734164640307426,0.02293326146900654,0.019202424213290215,0.0
xgboost,zone_Cold_and_Very_Cold,0.14740949869155884,1.4145825519226491,1.6524386319797486,0.09169556200504303,0.3603949062526226,0.08202055096626282,0.9208610604982823,0.06581864506006241,0.10386636853218079,0.13902518153190613,0.10027157515287399,0.042595505714416504,0.030514199286699295,0.039907846599817276,0.1459293719381094,0.030760744179133326,0.06911013415083289,0.032353028655052185,0.12729615182615817,0.03231500834226608,0.012754714116454124,0.12145774578675628,0.007411439437419176,0.03214224800467491,0.020017072558403015,0.011595132760703564,0.013694149442017078
xgboost,zone_Hot-Dry,0.12941767275333405,0.9608746953308582,0.517473516985774,0.07792022079229355,0.9990223944187164,0.08609578013420105,1.2644354356452823,0.19299320876598358,0.1048390194773674,0.05314774066209793,0.17026524245738983,0.052017632871866226,0.05311227962374687,0.0440501905977726,0.17311487719416618,0.10661448840983212,0.15030904579907656,0.04457395151257515,0.1256843158043921,0.006581933703273535,0.03577111288905144,0.14484037715010345,0.011526561342179775,0.022074542939662933,0.017892034724354744,0.017873605713248253,0.0
xgboost,zone_Hot-Humid,0.03139720857143402,1.8422472848906182,0.17675915104337037,0.09957525134086609,0.4526113420724869,0.03359120339155197,1.2882873602211475,0.2809295356273651,0.3551073968410492,0.08080828189849854,0.16234293580055237,0.07110102474689484,0.1227780431509018,0.10122082382440567,0.09693978540599346,0.04007785953581333,0.09792684158310294,0.04987449571490288,0.11102443502750248,0.018159672617912292,0.01669326052069664,0.253180367173627,0.023465817794203758,0.030426330864429474,0.04528890177607536,0.007456121034920216,0.0
xgboost,zone_Marine,0.23003290593624115,0.171283330389997,0.09724810277111828,0.07414966821670532,0.27861766004934907,0.038526106625795364,0.31385796348331496,0.07207272201776505,0.24147474765777588,0.06944844871759415,0.1440138965845108,0.027180029079318047,0.06590663641691208,0.026922736316919327,0.1303179512033239,0.025673005264252424,0.03334669454488903,0.04659339785575867,0.05252979532815516,0.021841606125235558,0.02545134350657463,0.018227326188934967,0.01775570586323738,0.016260715201497078,0.013966348953545094,0.013776442967355251,0.0
xgboost,zone_Mixed-Dry,0.1839873194694519,0.14460574563781847,0.17605021316558123,0.17847830057144165,0.1024747840128839,0.14051635563373566,0.12343618180602789,0.04217470437288284,0.3017778694629669,0.1589992195367813,0.17628057301044464,0.03164391964673996,0.05770829692482948,0.038329556584358215,0.07560250675305724,0.022145962924696505,0.04337674437556416,0.054954174906015396,0.03549274749821052,0.018431279808282852,0.030105773359537125,0.025510417035548016,0.014928707852959633,0.019072342664003372,0.02448701299726963,0.023543057963252068,0.0
xgboost,zone_Mixed-Humid,0.17046107351779938,1.673836101545021,0.4060159237124026,0.11887656152248383,0.3642510063946247,0.09145250171422958,1.3696316862478852,0.05590091273188591,0.3084755837917328,0.15089300274848938,0.12099882960319519,0.06507135927677155,0.07694033533334732,0.045079637318849564,0.1732715154066682,0.04114255856256932,0.12374789919704199,0.04045920819044113,0.12250036530895159,0.05365575850009918,0.02208007127046585,0.20588545291684568,0.011276246048510075,0.02449178881943226,0.017701050266623497,0.01723393239080906,0.0
