model,scope,hdd65,in.state,HDD65_x_UA_per_area,ach50_numeric,calculated_shd,wall_area_ft2,net_wall_area_ft2,UA_per_area,duct_leakage_frac,in.duct_location,r_floor,in.geometry_building_type_recs,in.hvac_heating_type_and_fuel,floor_area_m2,in.insulation_wall,ceil_area_ft2,in.geometry_wall_exterior_finish,in.vintage,in.insulation_roof,year_built_numeric,win_area_ft2,in.insulation_ceiling,r_ceiling,in.geometry_attic_type,r_roof,in.windows,r_rim_joist,in.geometry_wall_type,in.roof_material,UA_total,u_win_btu,r_wall,r_slab,r_foundation_wall,in.hvac_has_ducts,is_very_cold
catboost,global,0.3765735072531344,0.25388322032877525,0.238219727560418,0.20413860143940743,0.14535423087129762,0.10068050423481704,0.0933376747048852,0.07908673264050553,0.07177047558525625,0.06790408476067901,0.05068229254704326,0.0485867183018844,0.04088730820423362,0.03852893008548991,0.0350445504459665,0.03304693892786868,0.03167955864279642,0.026060916931096283,0.016286186000678823,0.015853013659448658,0.01532591835686667,0.010194865545352729,0.009517567068223275,0.008703044676304296,0.008059686344116685,0.00749125272192594,0.007209473454470949,0.004793361696230987,0.003505708018441119,0.0034220455206992813,0.0032438471213897513,0.0030838067214690834,0.00300620767353849,0.0028671619442645967,0.0,0.0
catboost,zone_Cold_and_Very_Cold,0.04530951489428395,0.08822523239499257,0.14327352316725572,0.20571821253851807,0.04732692284715451,0.07512486963450743,0.0632493782810101,0.01567545822772671,0.0398678798861119,0.07461359039474273,0.04276050006557779,0.027524376377752662,0.03643013008130616,0.037191167991324624,0.01278661158242094,0.02580481424312569,0.020796704689761095,0.03254554669001194,0.009651480298098362,0.019942397131947377,0.004667080776295884,0.0036547905038899157,0.004698864884304643,0.007916886961132252,0.009254850305795287,0.010940842222553768,0.015458441287072227,0.011750747529336768,0.0011862349274830012,0.01083053722037888,0.003777879435797059,0.0028813656382884684,0.010573100187856458,0.009493890227661592,0.0007638921397926415,0.0014263773509566977
catboost,zone_Hot-Dry,0.4105114078437071,0.08065434612083247,0.20699200313262545,0.18678636285131384,0.04308558009312704,0.15642503953126688,0.07894266739415,0.11024858931649041,0.025255443931588246,0.08309935707805914,0.03295115391558574,0.09233505756303365,0.059744375723008177,0.0678155484728717,0.035224580296550206,0.05304881674844703,0.06077202504840114,0.013995922571114741,0.024624573302257195,0.022834834692192368,0.011697796125466111,0.021281753597289513,0.005778459760081302,0.006930671556235099,0.04241619970198975,0.005992900167503019,1.127337648133603e-05,0.007985697121585507,0.007643802366226747,0.02957815950884376,0.005922451690991918,0.0524312650473529,0.0003836243605341786,1.0231993863027078e-05,0.0030872722586299368,0.0
catboost,zone_Hot-Humid,0.3198219549420383,0.15973071058944505,0.29491895186795625,0.2281558853995899,0.022842212653558572,0.14902164067655807,0.0665619264032064,0.08742999773677754,0.04634221175483935,0.056632992223945355,0.04259918183674016,0.08029541925377004,0.04572071579513908,0.04397893551392175,0.02186486366719958,0.06608494058792595,0.034955221266510836,0.021592728962098063,0.01356592204655467,0.05542627119148863,0.021009513614311158,0.012756287043460645,0.011941974371706271,0.02041809677930635,0.020609032739105342,0.013388251032640412,0.0004759049892546625,0.056178074318398316,0.005316584281174563,0.024181665168191636,0.003416640988241777,0.00237571211668613,0.005271728991615926,0.0003334398097280314,9.422217343590536e-05,0.0
catboost,zone_Marine,0.29087110942593797,0.3842405204994791,0.11217240052781183,0.20323159726051895,0.10171362929419178,0.15182654586723046,0.07849379741705108,0.10164462638893293,0.06712454957026527,0.11009292145679393,0.037904441182966236,0.10252403658054461,0.05273394099283982,0.05370528219246087,0.014920813524539793,0.03143591554119389,0.04608248078726267,0.011836158699178003,0.015846112569511565,0.02951564289811742,0.0176284823481377,0.006155859049499735,0.014338768694029986,0.0058973569277168654,0.036189680492843025,0.012955466130686934,0.0008308032676441274,0.005346513289165777,0.0042936528409267824,0.036668051042161816,0.005669769810850324,0.05066333596235455,0.006650545520115786,0.0006199895251067662,0.0013572890944233114,0.0
catboost,zone_Mixed-Dry,0.0731625260869718,0.09635775945412381,0.14336722199365254,0.16212970873672888,0.08666899937097991,0.06499842857530115,0.08255261393700375,0.045364073341727866,0.06366979848868792,0.08235781833015698,0.02438711538016881,0.07721004565574897,0.021332596155015773,0.042186354026417426,0.05298700971029943,0.029699704987210737,0.012200522597288906,0.024343909185221436,0.008762905012153818,0.0123577893766245,0.011627214999985204,0.009582909174649733,0.007137450834948073,0.005634268240809929,0.01220901407402113,0.006100072431815677,3.093163270860544e-05,0.01627779094286933,0.013282906481117362,0.018279048904037268,0.015559204716782656,0.04139659595640127,0.0010088339216408864,2.2160867629660142e-05,0.003320691308841022,0.0
catboost,zone_Mixed-Humid,0.13435228449004763,0.07645732543446003,0.14050204966027358,0.2285358216029211,0.04608041548243088,0.11653706841773698,0.06891932041079875,0.047092268807952635,0.056072256173256375,0.07719375576067972,0.037645002005906814,0.040307534392455865,0.0437184413226796,0.0341871490817665,0.05927190710100759,0.03861507667436097,0.025187965409740408,0.024874525540335254,0.011581964743611017,0.0186837029295041,0.006054703147990689,0.00829915142901854,0.0047857874887450745,0.00692401333279713,0.010971737620246051,0.006982565575808869,0.007985252901393325,0.007707952107631567,0.003612382838401813,0.010019195886303012,0.005497174202590196,0.006266430684536166,0.008095530235886706,0.005146721803341777,0.0015915627648625567,0.0
lightgbm,global,0.5263307838200534,0.27393512045943774,0.2597958732036556,0.19380485439027118,0.12156101047196169,0.13264568078237504,0.04124917913868858,0.05089586226493453,0.06933344564710354,0.07466558332716741,0.04969226965201026,0.06953509274779965,0.07593476951325082,0.039365375846052084,0.022484243284902908,0.028781923247004997,0.04870716645753108,0.005675926327419784,0.006598629973386434,0.04046379483995417,0.006160312125537746,0.004143199139531102,0.01445309038593367,0.005916614227640332,0.029387503736195905,0.010357842247972667,0.003047598445996634,0.02027005996047184,0.0016482676840503094,0.020784608381502596,0.0033686325723670824,0.01226900455256832,0.0053415564818568234,0.007313933172408091,0.004849316440081018,0.0
lightgbm,zone_Cold_and_Very_Cold,0.06498240388562053,0.1284753830175348,0.17647196140289464,0.18803826912563737,0.06430106809337234,0.09929825397422734,0.04031184078623765,0.03391643259841083,0.08219955677363702,0.053443774252185834,0.029771428532441503,0.04678829645895104,0.07008532131128982,0.03659790672126514,0.01607870152235877,0.025239737664902378,0.034502839842801364,0.006372257910142742,0.007645786434205912,0.03663584411097353,0.00646508260549306,0.0035781364486782243,0.009899348692484725,0.003050930278019676,0.015386153842564384,0.012183594196537261,0.003186755862173421,0.01825141119198684,0.0019907178703993766,0.0110442623469089,0.005174948082095655,0.008477059893121587,0.010769740145599041,0.020351594525759572,0.00412947030330456,0.0011270366528703126
lightgbm,zone_Hot-Dry,0.3579730189102396,0.06849306942024322,0.3524297890799637,0.17421680986670293,0.03500220441629159,0.15646237397376764,0.10019802834632975,0.11131377593224362,0.03778423428280013,0.08699095520933552,0.044172820966004486,0.1477451857094683,0.09268554750577987,0.054939731790950096,0.04267899250383754,0.04264399789988601,0.08793154758011856,0.013815265215794535,0.010968868737777252,0.016742925613691378,0.016994585095212848,0.009419577502863203,0.02017757648715581,0.00868805011937168,0.06362496795876679,0.010254488498558416,0.0,0.006833539046104573,0.013725462634495682,0.047390733289532784,0.011400407882989152,0.029633338267982406,0.0011550109978697173,0.0,0.004855590195172605,0.0
lightgbm,zone_Hot-Humid,0.417189500813175,0.10656903753977981,0.28080991830227303,0.22163453491557067,0.02337124979743141,0.18133860181155945,0.043040606309941165,0.08884957700137411,0.06524143528446344,0.06169196020398439,0.05698382075712517,0.13776799359204542,0.060849883360127525,0.028472690466295504,0.0380860060084407,0.054184658254923065,0.05601624703499976,0.01494050487251174,0.01001314734331816,0.04347164740015785,0.012714122170522233,0.011646438920936492,0.017224049249655596,0.009924349371124248,0.03472862110690632,0.015510498684149335,0.0,0.04960859771372135,0.009914030548481988,0.04966238346492586,0.005873383102679136,0.008515869586193717,0.004945452107944575,0.0,0.00165783677939244,0.0
lightgbm,zone_Marine,0.42230678057790555,0.1900061294678909,0.18001234138720545,0.1805405181329732,0.0922344879717978,0.15791919008538385,0.1074377594989087,0.1032354840639098,0.09353828321249111,0.10707104752780797,0.045728396286839446,0.08857282194326922,0.08604600068243631,0.04878012830377392,0.03491475982101386,0.017797298230298915,0.05720079740789775,0.008834203168065071,0.020818138679888226,0.06276304829663887,0.024635768219767328,0.007609288914399324,0.02040373181508852,0.0031730169754124625,0.03424664332111043,0.014855842344985219,0.00029967032594602834,0.002770330712936638,0.0054043116994801,0.046876943571510475,0.005895122751732026,0.021556319454394533,0.004862740280536495,0.0005794422161427203,0.0028876369213096465,0.0
lightgbm,zone_Mixed-Dry,0.07233492857109454,0.10396222416277714,0.22173177321141335,0.1675008192533445,0.08411780774768461,0.06756308788028967,0.10032042098624681,0.05781533922598725,0.07155738811085201,0.08324446199639879,0.03610175375910453,0.09980119182830334,0.03244356082715814,0.036374191035138295,0.0199981694203419,0.036262101172694024,0.016435062493066026,0.017083502937041996,0.0016098940688665149,0.024808209955215897,0.02382999185884264,0.0032540330180632704,0.009121518737877962,0.0017834474489092187,0.02820593999961563,0.006123963752880365,0.0,0.021067642094763472,0.017757383864270983,0.04814495765994299,0.013380013392596632,0.03925090134888784,0.0014451744129741167,0.0,0.0059696878380492615,0.0
lightgbm,zone_Mixed-Humid,0.1293702713014043,0.05344646887397465,0.2680797414499597,0.2128310030614078,0.05017842460605082,0.12894835776950955,0.04962054625132823,0.02903620492335206,0.0783574310305719,0.08581341798044789,0.042146873256381355,0.08730289998558648,0.08464758500438863,0.038732298118814006,0.011851358324982304,0.0265179077137066,0.04222182694387649,0.008767509686990511,0.0056724613292389375,0.028502362978788227,0.011885829433269829,0.004147035174963256,0.00935204074517881,0.006089580546381145,0.019144646579449726,0.00936854973004269,0.0015286581271767965,0.013236917210678413,0.004187020255021589,0.023746928646707945,0.0052814949186948245,0.008694446888503597,0.008461369026736637,0.011418262600013903,0.0019659257969737677,0.0
xgboost,global,0.33025026321411133,1.474269139606804,0.08482421189546585,0.048575274646282196,0.03486612066626549,0.09084831178188324,0.0480281338095665,0.027708198875188828,0.06333410739898682,0.1090797754295636,0.043783511966466904,0.201351935043931,2.932888983283192,0.04118616506457329,0.047099431005335646,0.05089155212044716,0.11660134635167196,0.025818824826274067,0.17295334812661167,0.014362975023686886,0.006942110601812601,0.10355933372920845,0.03690895065665245,0.07476930064149201,0.05801043286919594,0.05505767792055849,0.004978331271559,0.046338419895619154,0.01717231444490608,0.026863742619752884,0.00874327588826418,0.008046346716582775,0.026449082419276237,0.018944937735795975,0.008850427344441414,0.0
xgboost,zone_Cold_and_Very_Cold,0.048153139650821686,1.9694482536287978,0.07249508053064346,0.08314035832881927,0.04776563122868538,0.11047027260065079,0.10234114527702332,0.05484326183795929,0.045596782118082047,0.19770219906786224,0.1475648134946823,0.4620339497923851,4.4001507088541985,0.05289788544178009,0.09928565635345876,0.036712173372507095,0.10421306352509419,0.041032535722479224,0.1384818529477343,0.015821121633052826,0.01905503123998642,0.04679751379262598,0.024298423901200294,0.06528096858528443,0.06742338091135025,0.11181320273317397,0.00803618598729372,0.05403510178439319,0.031443586805835366,0.03345779329538345,0.01028385292738676,0.009597632102668285,0.044031038880348206,0.07421433925628662,0.027473112335428596,0.0023797359317541122
xgboost,zone_Hot-Dry,0.2763758599758148,0.6126363845542073,0.08904972672462463,0.11365694552659988,0.05440422147512436,0.09457509219646454,0.05639827996492386,0.10867179185152054,0.06171204149723053,0.5405065114609897,0.2874799966812134,0.5486467629671097,2.603503628168255,0.0510578528046608,0.3337429363746196,0.1164812445640564,0.45625773537904024,0.15410943608731031,0.28807713952846825,0.02031509019434452,0.04788970202207565,0.3071782507468015,0.08668828755617142,0.26190024777315557,0.04744049534201622,0.31622827751562,0.0028863565530627966,0.105417670449242,0.16807338409125805,0.09860652685165405,0.024120396003127098,0.016026420518755913,0.010682516731321812,0.036795441061258316,0.007970385253429413,0.0
xgboost,zone_Hot-Humid,0.23438966274261475,0.4949036701582372,0.22018402814865112,0.11003675311803818,0.031693171709775925,0.08720982074737549,0.059440940618515015,0.071222685277462,0.01410375814884901,0.23941794782876968,0.21029256284236908,0.3323772568255663,2.104830850381404,0.050612062215805054,0.26090431422926486,0.048972632735967636,0.2799926206935197,0.10695898975245655,0.1918427362688817,0.028450559824705124,0.031794849783182144,0.2716071145841852,0.036800213158130646,0.1732949437573552,0.047238487750291824,0.19931250484660268,0.0186280757188797,0.07012011669576168,0.16193952225148678,0.04711752384901047,0.009983127936720848,0.008684830740094185,0.03406548872590065,0.04548439010977745,0.0033039712870959193,0.0
xgboost,zone_Marine,0.46106061339378357,0.28917706944048405,0.06715267896652222,0.15590035915374756,0.09019748866558075,0.09146657586097717,0.06823893636465073,0.0738162025809288,0.05425203591585159,0.37907203068607487,0.08811568468809128,0.432842668145895,2.8129353625699878,0.0319940522313118,0.2562016898300499,0.05617465451359749,0.22836105665192008,0.11664760368876159,0.2641611686121905,0.04848024621605873,0.08806601911783218,0.07573631580453366,0.01781800016760826,0.06267347210086882,0.04220070689916611,0.1623368221335113,0.006021575070917606,0.0777868505101651,0.08957790373824537,0.05735110491514206,0.01352168433368206,0.016800517216324806,0.09571965783834457,0.01504599954932928,0.0074692657217383385,0.0
xgboost,zone_Mixed-Dry,0.06781542301177979,0.2538537287618965,0.20177105069160461,0.16385173797607422,0.061009667813777924,0.06592685729265213,0.11215957254171371,0.031327877193689346,0.02099877968430519,0.179427788592875,0.05041861906647682,0.21149167331168428,0.24444405763642862,0.03749711811542511,0.13803457273024833,0.032887209206819534,0.13509129243902862,0.06687748056720011,0.08540874284426536,0.026793338358402252,0.014829101040959358,0.1447648813482374,0.010112224146723747,0.07132704474497586,0.021394478157162666,0.06270920392125845,0.0,0.06335263029905036,0.05827502137981355,0.05714275315403938,0.013593848794698715,0.05841057375073433,0.027209432795643806,0.0,0.010960989457089454,0.0
xgboost,zone_Mixed-Humid,0.1449739634990692,0.6198990673292428,0.1528109312057495,0.1228286549448967,0.07481406629085541,0.08660071343183517,0.04884191229939461,0.03201991692185402,0.0541621595621109,0.11189050361281261,0.08717148005962372,0.2617144286632538,4.09666734142229,0.021900421008467674,0.1059924834407866,0.05919395014643669,0.24678404908627272,0.04903045733226463,0.0904409094946459,0.0178680382668972,0.015854859724640846,0.07585502814617939,0.02143457718193531,0.09051227429881692,0.026467859745025635,0.0755025168764405,0.010859821923077106,0.023770321626216173,0.037078229477629066,0.01856270618736744,0.012680646032094955,0.0070684514939785,0.0353328138589859,0.02857184410095215,0.00678382336627692,0.0
