model,scope,floor_area_ft2,average_heating_setpoint_max,hdd50f,comstock_building_type_group,wall_construction_type,hvac_combined_type,average_heating_setpoint_min,census_region_name,heating_setpoint_span_c,hvac_night_variability,year_built,comstock_building_type,average_outdoor_air_fraction,hvac_vent_type,window_to_wall_ratio,heating_fuel,aspect_ratio,hdd65f,boiler_average_efficiency,number_of_stories,floor_area_category,ashrae_iecc_climate_zone_2006,energy_code_followed_during_last_roof_replacement,hvac_system_type,floor_area_m2,energy_code_followed_during_last_hvac_replacement,hvac_heat_type,building_subtype,building_fraction_heated,operating_hours_week,weather_file_2018,cluster_id,window_type,weekday_operating_hours,cdd65f,average_window_shgc,weather_file_tmy3,energy_code_followed_during_last_walls_replacement,year_built_num,energy_code_followed_during_original_building_construction,window_to_wall_ratio_category,cambium_grid_region,hvac_category,census_division_name,county_name,hvac_cool_type,iso_rto_region,state,cluster_name,weekend_operating_hours,vintage,ownership_type,party_responsible_for_operation,purchase_input_responsibility,weekday_opening_time,weekend_opening_time,building_america_climate_zone,hours_heating_setpoint_not_met,is_missing__weekday_operating_hours,is_missing__weekend_operating_hours,is_missing__average_heating_setpoint_max,is_missing__average_heating_setpoint_min,is_missing__hdd65f,is_missing__hvac_system_type,is_missing__window_type,is_missing__weekday_operating_hours..hr,is_missing__weekend_operating_hours..hr,is_missing__average_heating_setpoint_max..c,is_missing__average_heating_setpoint_m.c,is_missing__hours_heating_setpoint_not_met
XGBoost,Cold,0.36014740041743504,0.19540658734987643,0.13863628312760384,0.10511133473859134,0.09130203944254213,0.08626915576498502,0.08590602530539553,0.05831096067976275,0.05681089379560857,0.05404967135364356,0.052100903844245275,0.05098075056884753,0.04748949638887813,0.04707020370079089,0.044138169463070795,0.04179495494482926,0.041502627804846814,0.03744004610999873,0.03186072607234776,0.03166084228437751,0.0252459516563967,0.02469329806204243,0.021528208099696817,0.01945993186782741,0.01702356262912138,0.016022785923928935,0.01593104154594675,0.012515506219144538,0.012051143699598478,0.009259114358664054,0.008664923615988288,0.008374617840516805,0.008366746847484858,0.007856495563800832,0.007224171185115336,0.006583709547830138,0.006580276925604038,0.006237520173413688,0.005317094700148415,0.004582606920848694,0.004554724220917587,0.004374665417423065,0.004236165940605027,0.003934752744041914,0.003221265322101052,0.003018577012742513,0.0026509311233839598,0.00253299173732981,0.002030404374219873,0.0010977250131042502,0.000451644196112275,0.00040834662132368057,0.0002278453378726794,0.0001675850098324463,0.0,0.0,0.0,0.0,0.0,0.0,0.0,0.0,0.0,0.0,0.0,0.0,0.0,0.0,0.0,0.0
CatBoost,Cold,0.1899391366771366,0.1469012628102125,0.08954233787544164,0.1676811512370104,0.09671081799638072,0.06931342435073896,0.05753123677196553,0.045195948346931906,0.0824978674126895,0.07689182972654658,0.017378708617458313,0.06634685986370112,0.058345237364721275,0.043524476269659024,0.043590172103571335,0.0502736456305331,0.03627494193044208,0.037863427805213554,0.043946130191505416,0.03405640869117436,0.011732687107108017,0.02195254647713921,0.018584595661676303,0.019300427533376387,0.17256963521295715,0.02093602236100582,0.016291369612336352,0.019153444014167215,0.009347845273286892,0.007416053282395899,0.009690302813288067,0.004486665754018468,0.009209970303084023,0.010216818103888279,0.013578151656990832,0.006273448898519456,0.005821097148704268,0.022612314996439526,0.010186642688069313,0.017615856708608522,0.00581246214170661,0.004232102624197579,0.01642541936095324,0.007583047214280854,0.00455040708080804,0.0061479939669108075,0.012852382706642627,0.0024471362523767817,0.0034107847956805835,0.0033523269520210467,0.0025540931675837246,0.001241883062803221,0.00112436438410891,0.00045779576307787795,0.0,0.0,0.0,0.0,0.0,0.0,0.0,0.0,0.0,0.0,0.0,0.0,0.0,0.0,0.0,0.0
LightGBM,Cold,0.31952630859105513,0.1901458239333676,0.1452912049229101,0.13739291259656022,0.08781240843390005,0.06839219255469672,0.0860449508064053,0.047692487853147864,0.048536841291313366,0.06527394265537435,0.0512753029757472,0.05421448023906246,0.05049281419210762,0.07073973401829135,0.047955997845270326,0.037081931484538165,0.042119992247502167,0.038303924110155894,0.04516713059150118,0.03742311437803725,0.018528006543757324,0.03235588378318697,0.02630276895985563,0.017011876280825598,0.023666786543429512,0.021472955244446635,0.018224765958631043,0.01836160450810548,0.00766224695891052,0.014995981933886779,0.009367939100390547,0.009664863223246112,0.008571972690733932,0.0039627350910771755,0.010240464843399863,0.00460601059854948,0.007852333414646964,0.01061603786231205,0.006110041917219901,0.006265269919238862,0.004120675143264292,0.00577519498035834,0.00619262225291006,0.003392609314595768,0.0059288717517141185,0.009238134284277562,0.003960488347418225,0.0027367157853924293,0.003763337250420701,0.002500785448402884,0.0030093737043029732,0.0015493594144547333,0.0010038599151978597,0.0008272571008332012,0.0,0.0,0.0,0.0,0.0,0.0,0.0,0.0,0.0,0.0,0.0,0.0,0.0,0.0,0.0,0.0
Stacking,Cold,98.12809219067256,57.53453198863508,38.80847321224078,99.39652169817654,14.176174422365243,8.791951550474804,25.5414844131217,9.280030055397766,11.803992268587375,32.85832788082836,5.1684763899816515,24.936674503796223,19.15410246806081,7.260388067973926,10.590360879900691,9.775654221382656,8.446908433870027,9.157139783389582,9.628573441658016,4.234779742617124,4.633988823881998,3.356925355069643,2.3643941772288644,3.837335529542779,64.24948081998025,6.003515758729931,5.876133895759101,8.673953775754557,1.992379431330036,2.6197159542709154,1.3506169317994963,2.1917102269900766,1.1416330395454413,2.2770604320287244,2.4216916510100632,2.112290190703915,1.2117795738089188,3.1861818813555773,2.161746689502796,2.972612005419777,2.196853043753681,2.0144110271717186,2.4214667816438835,1.018909087563449,1.7476632347497545,2.542336877195556,1.1277143195854291,1.6537310704171446,3.5017167879303566,2.5088668419164217,0.9790479695712024,2.398519227551524,1.1596190750794795,2.1410209447643473,0.0,0.0,0.0,0.0,0.0,0.0,0.0,0.0,0.0,0.0,0.0,0.0,0.0,0.0,0.0,0.0
XGBoost,global,0.260186940859699,0.22088598369458112,0.24688573334462777,0.1388461526442248,0.09145203180873421,0.04894916290741451,0.0996588942030783,0.042419358644198484,0.05075039948669099,0.06425700225623869,0.04427365726497443,0.08445709170781288,0.10261521553867628,0.05233582694690411,0.026156297827872464,0.055114763400551714,0.029953281185704138,0.4143866350826268,0.07722033062331664,0.03607468204182711,0.014340837855022352,0.053663114851274334,0.01581065688710337,0.019556415252529335,0.11506058852616802,0.02816473646726037,0.05902242472104535,0.020989555257967484,0.006585996391169927,0.0075443782459770825,0.008050977896123772,0.02394928194172336,0.011008287646305938,0.006534184978009362,0.03739494468201605,0.007200973679644474,0.00930028207380339,0.01831511152863807,0.0010761741605138202,0.005965537492939729,0.004233198966920117,0.013426955387322845,0.05980508564612161,0.010066819060574975,0.006061925228717983,0.0064275769630118326,0.01580026648006763,0.008717754239700747,0.013453848658260693,0.0005196969919022375,0.0006697968406953988,0.0005651270173840936,0.00010614244768958073,2.4007914571557222e-05,0.0,0.0,0.008809167075225492,0.0,0.0,0.0,0.0,0.0,0.0,0.0,0.0,0.0,0.0,0.0,0.0,0.0
CatBoost,global,0.19303702347120444,0.22666265323909904,0.21014756169435875,0.14524169185822644,0.09190433246828915,0.046223139772822094,0.0895893378803765,0.0719118213625005,0.06897836135495261,0.08136753289708643,0.019222484307395295,0.06723020483548905,0.08543839246168344,0.045575590793917445,0.03204667118730456,0.055120610110470425,0.030001897084080645,0.36781030636326995,0.06358012514406715,0.036888825677602155,0.013993819867894556,0.050817661907146115,0.024659282883804375,0.022079679509112857,0.14116170570025113,0.022036465615190806,0.04898203033570503,0.026964892079793794,0.005939426638219195,0.006331073375653877,0.006272619607198548,0.022175130242191626,0.008686941460225089,0.010458684805849125,0.06643481841611724,0.007978192710419744,0.004622524889890269,0.01393375748668804,0.013211230066543067,0.011440697826464919,0.0024459379385258174,0.026689027202581806,0.043787899033160674,0.0037363085781309505,0.009606499862196428,0.023246522517359737,0.035918208057404886,0.005882644546951173,0.012647366109089963,0.0017811495629195492,0.000913354569680368,7.175462458311794e-05,0.00013272739852836812,2.0938324171361367e-05,0.0,0.0,0.006221558287752551,0.0,0.0,0.0,0.0,0.0,0.0,0.0,0.0,0.0,0.0,0.0,0.0,0.0
LightGBM,global,0.27704635359887303,0.22446901402885386,0.3016790138961269,0.1382457866897143,0.09192414366322595,0.06098776971251781,0.10155856520390032,0.048197739636684445,0.037901706879759814,0.05658198164852694,0.0391195602649955,0.09259018652811106,0.10257619234569826,0.054117205437502126,0.025378133620847825,0.04955293777435996,0.03112831132691707,0.34808187260076745,0.0731718736903076,0.0337891467990738,0.01400701537606874,0.06128195732244675,0.018635108482434513,0.0309824392737715,0.07151568413887965,0.024190594268540658,0.05040476306532124,0.021542468071254307,0.005337899629256898,0.00575794269912531,0.007289285191536427,0.015576193567109707,0.012113969058731496,0.0019281360175386337,0.05150568811563794,0.007989752127098014,0.00924500741744285,0.016687512864640392,0.004097734186509986,0.007599472924793036,0.004051651252008821,0.01586794859571948,0.051581980523669996,0.0070899373300304285,0.006804075782966192,0.011424285224076116,0.01550251513600746,0.003292000871395197,0.011020162010869177,0.0008061944835314995,0.0005678912711711422,0.0007040277011893697,0.0001523824192876874,3.41472895498009e-05,0.0,0.0,0.011056345199694399,0.0,0.0,0.0,0.0,0.0,0.0,0.0,0.0,0.0,0.0,0.0,0.0,0.0
Stacking,global,18.60827231992435,12.400954100455031,17.46877906290337,9.934903608433999,4.203112982981715,2.629523805394257,5.375431673991461,2.992100423508567,2.393922584770402,5.744087478614047,0.5231503143879472,3.8758093926741553,5.470877505478285,2.6138333127436675,1.1839234070614533,2.018371514960852,1.2702477897823117,20.916395711244917,3.27023448642598,1.6129696941950638,1.4275829085316147,1.2330679371435598,1.069830440456162,1.061336052902153,8.459705855476273,1.3443932778091587,2.8206420232999956,1.307999143323226,0.36921776514276855,0.8462755553650229,0.5487124565448205,0.8634063889006689,0.40500013652197997,0.21766319574895207,2.9254744112994433,0.3974999684879094,0.658980898573416,0.8093713115882164,0.7147359910111394,0.5991550346356794,0.6271868361112721,1.291447772208917,1.0361096984216582,0.5552214641052927,0.6059977814749181,1.1826906021363741,0.89986652497203,0.4294182974666464,0.7397474391612733,0.2975998337614806,0.7576844395499107,0.45793222540718537,0.5090843248000213,0.9408077523644394,0.0,0.0,0.6773983694053853,0.0,0.0,0.0,0.0,0.0,0.0,0.0,0.0,0.0,0.0,0.0,0.0,0.0
XGBoost,Hot_Dry,0.17840478504639484,0.13574246833796275,0.10813800575047003,0.06487633907898066,0.05015862649089391,0.022737509670805126,0.16586651234223823,0.0006061139817316046,0.013652885590481627,0.0620927175168508,0.01627696383981846,0.14823898631915827,0.10537863102253738,0.020214695160864063,0.033931066801236934,0.016521148049883548,0.016529381331864577,0.2968615234591203,0.12288369926721475,0.009547475248414624,0.0200010179396539,0.05089980053256669,0.002232359778028673,0.13089736161554857,0.010325593318018647,0.04480596469726042,0.10655002360186504,0.01688223684563406,0.0003964779893698869,0.004047644482284537,0.00980232476460691,0.17663104136759586,0.006254760578566268,0.003492041164453918,0.012499659216150037,0.021779066821480505,0.014767470381285754,1.7587596192315676e-05,0.0068180916515565545,0.018607590043535006,0.01853182893915462,0.09648371078753992,0.2668230578251396,0.003026265738536442,0.009802323130868894,0.009404862149966345,0.010228341866644484,0.0064240463670289195,0.03468206121681421,0.009094336245977,0.004184052257161534,0.003916766893746556,0.0019619019861987813,0.0015687967528763853,0.0,0.0,0.0,0.0,0.0,0.0,0.0,0.0,0.0,0.0,0.0,0.0,0.0,0.0,0.0,0.0
CatBoost,Hot_Dry,0.08966341624782496,0.15431169254897253,0.16033384079278926,0.09763379110974209,0.03767650564665312,0.046475853803527846,0.10517871739817487,0.0011013454222506605,0.0220035890254046,0.09534990867945257,0.005279348180091833,0.08842030379040015,0.10259250644575324,0.07544296710893222,0.023475407091833708,0.03599699829109106,0.01584360471276299,0.2520583573887478,0.14613460849465892,0.00794989384304066,0.007912476719240896,0.0051596893390359775,0.010133621726944275,0.026426786027773087,0.07488149535786573,0.04226357429219807,0.10709276348994347,0.012037666344927207,0.0003575220225529799,0.015003403263333262,0.006962094900080171,0.04925077486713289,0.004527414657883558,0.017285335933599346,0.025935757715971796,0.0138557934434509,0.013837639579019173,0.010678045416994918,0.0030174702577150003,0.01118752588245839,0.02752938195234778,0.0778586737082009,0.17076120300544678,0.054521406102903604,0.01679621121293468,0.036718430184908515,0.019299419727822925,0.018338532790334327,0.08050750683229359,0.0017671405924881258,0.0067901996687803135,0.0034859537234356456,0.0007737770252251575,0.0023518848403621933,0.0,0.0,0.0,0.0,0.0,0.0,0.0,0.0,0.0,0.0,0.0,0.0,0.0,0.0,0.0,0.0
LightGBM,Hot_Dry,0.14734337199199757,0.1315323461212352,0.11542226479576448,0.07206733486930213,0.04173358790091663,0.031072338202360793,0.17291012056224622,0.00041220703010636547,0.017373350660442485,0.06852393500945528,0.017171456942645883,0.1313330175856896,0.11838758702191134,0.07172041371032215,0.03480539625731935,0.01788304735165008,0.027100379081098226,0.31634289766408397,0.1455197097201459,0.009905916858081905,0.00608587481676152,0.0007808272113595143,0.005629273522262634,0.1249452787809359,0.027823266580463392,0.046991266609923345,0.08767261573310534,0.016839048396856238,2.5614839268964715e-05,0.0,0.006341099944940684,0.16682769317097315,0.010123989383707049,0.0,0.028298583917358035,0.017961240433101825,0.010022304336615915,0.0022376393461260333,0.002608318940278002,0.01803081343220024,0.020624300408241574,0.07607605400966717,0.17601961984371628,0.0030535187488652075,0.00934170020204169,0.02509765966315245,0.0035831407611707066,0.005403363925048164,0.009198923818279425,0.0018476781970670885,0.002828643078018448,0.0032064891394174995,0.001141575379296965,0.0009258372138279912,0.0,0.0,0.0,0.0,0.0,0.0,0.0,0.0,0.0,0.0,0.0,0.0,0.0,0.0,0.0,0.0
Stacking,Hot_Dry,0.41543207202438176,0.4384669273085439,0.33741975873879304,0.2680229822318724,0.030122270747773527,0.08260581598909379,0.43335076862674293,0.02712404534801992,0.05949271761277179,0.19914545012325957,0.046915436487553225,0.5221976834789116,0.3089599761384614,0.10648200573150715,0.08363600702553928,0.07781030297521473,0.041842189008785675,1.1366554565464941,0.9947155988847136,0.02841348964511069,0.03912967853397549,0.052007113206990994,0.02418347590848072,0.23566818855781246,0.06459241883543716,0.1422852684694606,0.22881282519613438,0.05692450759437223,0.0,0.030828855719592117,0.04075750294503302,0.2512338945156027,0.042528553888318534,0.03421655566431572,0.03948702127628722,0.03544762505409042,0.03361060610210257,0.04903293574681458,0.01397053554339681,0.03513395678401834,0.05343339215975209,0.23635591294592953,1.567279354407756,0.08291598540456098,0.037655422362903444,0.04826420832568872,0.02791533103050722,0.0584666250570202,0.09462452504794581,0.024849397439052092,0.03373112597134062,0.029336011514811508,0.02402742710187416,0.020187523326808853,0.0,0.0,0.0,0.0,0.0,0.0,0.0,0.0,0.0,0.0,0.0,0.0,0.0,0.0,0.0,0.0
XGBoost,Hot_Humid,0.2517868186096351,0.17777286278013077,0.16181027028878903,0.1987010684780828,0.06961989780125537,0.037830346387361005,0.06339608447796752,0.0005129674669853194,0.052199162755152524,0.06727433747982095,0.02391618791821667,0.14513472907136063,0.13118371945904964,0.025201447937797,0.023443141620642878,0.032987757649530214,0.021470230452304593,0.43433131667267305,0.050153453241150794,0.040482664089304475,0.010159670728316047,0.038277896605590715,0.013126358741220336,0.03593538905418014,0.0582870931403895,0.023081862034556446,0.09882972344249748,0.03876651871134602,0.005476489251668295,0.005167464950051447,0.012116168116382362,0.011209407753025489,0.0059434016703224755,0.004701362855479387,0.01797492725861758,0.006111081116976708,0.0070217947280003966,0.015732508452299208,0.003065801174334977,0.005272199218192677,0.0013716755928742952,0.002675145625452528,0.10543169428556672,0.0006720359229532188,0.011090987619702716,0.011491252905811536,0.0004022902141745814,0.021934786325653665,0.005891857770078679,0.0017461742954373643,0.002527910617627702,0.0007165221651599055,0.0014729454110208981,0.0005265166757335104,0.0,0.0,0.0,0.0,0.0,0.0,0.0,0.0,0.0,0.0,0.0,0.0,0.0,0.0,0.0,0.0
CatBoost,Hot_Humid,0.11515762121973551,0.1855040158556292,0.17414820928137376,0.18308697179527142,0.07125998530963872,0.0375095920255882,0.04232252114769599,0.0009296866538810493,0.07489672327015301,0.07747491402412762,0.009429367490735746,0.13143998804480608,0.13231826063614288,0.0516347972036007,0.02176800408717028,0.042556409023369726,0.018579711399082825,0.20557308743273467,0.04855066640602602,0.04267387299474368,0.00957819359137948,0.10255938163407903,0.010072819253926819,0.028693311765543208,0.171469108333868,0.017625192104410197,0.10261621346495964,0.05175246252160654,0.006016273874492211,0.00886960493393537,0.03623741768987796,0.006414533594308198,0.007949636423442022,0.007313221104288954,0.10749403634936895,0.010948944470564844,0.006477329613980108,0.008166203383114074,0.005611406392849571,0.009156817650490007,0.0034068512625052582,0.008824768816402387,0.04752939266593092,0.02223344718314299,0.02372863929064595,0.009522896063698945,0.017038129826525972,0.03815638461983622,0.010328624709964396,0.00429598203728249,0.005167559599630912,0.0013923806687299372,0.0017882545161540884,0.0009777667250107413,0.0,0.0,0.0,0.0,0.0,0.0,0.0,0.0,0.0,0.0,0.0,0.0,0.0,0.0,0.0,0.0
LightGBM,Hot_Humid,0.27102533502474296,0.17505473926723789,0.10420491917378541,0.173952260699475,0.07104777053275828,0.02780202923527828,0.06640072195252768,0.0009757834669190205,0.04134820809686754,0.056867319833340896,0.019402721334825387,0.14443744063758568,0.15213790677751213,0.03228614495385061,0.01802033912434171,0.039826168658484075,0.02753345729378779,0.520569655293138,0.03925897535055413,0.04092115603238786,0.009560584180631044,0.039184502002601054,0.013755177869200374,0.05122793945437472,0.0263849632827966,0.019534659165867194,0.09829289977993588,0.03593438938022227,0.0025757277509182845,0.0033244529527885567,0.015961298861089924,0.01701504131993718,0.007670572809651507,0.001819648999301789,0.023237561913341635,0.011666205857782622,0.011598306726174934,0.015598213834686415,0.003609985762578797,0.006169309958740788,0.0030020348506764453,0.0021898003324592463,0.0931402682605768,0.0007960276972477463,0.009901661541144677,0.009889139749246002,0.0011492929077002115,0.010655553730906368,0.007775433593632946,0.0030832560681282126,0.003870271537509414,0.0022420268394321317,0.0012769140229932784,0.0018046357862184141,0.0,0.0,0.0,0.0,0.0,0.0,0.0,0.0,0.0,0.0,0.0,0.0,0.0,0.0,0.0,0.0
Stacking,Hot_Humid,1.6999713811944568,1.5565579470392392,1.0976345405985386,3.2744884579987406,0.2714569279765748,0.19828512842604584,0.2712140567164942,0.0,0.16149913470933683,1.112695849696256,0.12343212040691814,1.3264871840823753,1.5580593946809316,0.25063170163426796,0.14943965007535606,0.28101466334326003,0.14539875198819593,2.1896076555348385,0.4094268160217702,0.15398386586182913,0.07466872067052882,0.5472241604999571,0.07397284230380577,0.12869772263090512,1.1973745221320602,0.18000343168853508,0.6749795028856697,0.26139094657006906,0.15181607308009298,0.030719075508358364,0.0644473923511743,0.04792689693559164,0.08752916879134841,0.09804345199624058,0.23928278297778469,0.053270199814726,0.04721996548343932,0.08066752252358661,0.05302872153501469,0.10088176283002123,0.0848979533640235,0.14119290112163885,0.3073310125152327,0.09800160785226952,0.08683556976813504,0.05138326480903776,0.08081114928018643,0.0915496199235264,0.08284795076240718,0.1709360558808979,0.031175220749366357,0.03640219697799412,0.03948407785612039,0.0838970291851847,0.0,0.0,0.0,0.0,0.0,0.0,0.0,0.0,0.0,0.0,0.0,0.0,0.0,0.0,0.0,0.0
XGBoost,Marine,0.2430508748323383,0.28378167267758136,0.08902889521787508,0.10679132004849752,0.06659574407072533,0.044581660964199764,0.13647684893076983,0.0,0.03765193424016825,0.06871712010940793,0.01710926958393538,0.1347092590593586,0.1188691279739573,0.014863702178993554,0.03215732251127152,0.027866430983051048,0.02528758718884368,0.1061093059933205,0.13083595940861628,0.03165542998318518,0.02864669926526102,0.001187333760648035,0.0068417869758969335,0.08174291165915089,0.02245511556798594,0.04918978064543889,0.14799464755478195,0.006640108106870636,0.0065508356191333545,0.002545141690729508,0.011325232309442088,0.01261364590790278,0.010070113411838687,0.0017413375394817545,0.011396047845819431,0.01570147530951257,0.005145838885870106,0.0011446434098617481,0.018285452126658882,0.054298339175266254,0.008770262540401466,0.00012751398149644938,0.1881042926471195,0.0,0.03099359876192158,0.006307803593809947,0.00399962723537457,0.012946847865545992,0.032748945940089355,0.003922063619086264,0.001989150200903169,0.0014416939840943069,0.0053530294672565065,0.0014593574942407587,0.0,0.0,0.0,0.0,0.0,0.0,0.0,0.0,0.0,0.0,0.0,0.0,0.0,0.0,0.0,0.0
CatBoost,Marine,0.10493417093628638,0.25809015637076516,0.07860401384496479,0.11467111351700016,0.05157828844106852,0.02914235041942889,0.11807558351806338,0.0,0.05157320931334198,0.08703090962811982,0.019268257745459032,0.08149100189964666,0.08341274616473555,0.06616758934936293,0.027203421295788226,0.057251285252890805,0.028529703154277504,0.08038546097675513,0.1024110612775856,0.031715606951458794,0.019662032619083575,0.017472305704877376,0.007951503341122388,0.045410294552879885,0.11115309313850195,0.04552037795466813,0.09089755779546237,0.011336482244183778,0.0028016297922954965,0.01569550200001527,0.012073729710570734,0.010069328290083578,0.0114224285008541,0.017924058433205377,0.014760152078048656,0.016590463261892095,0.01163347438800105,0.011240626812489695,0.01129822734763275,0.011816558432615898,0.017111982553884308,0.004161020256094894,0.11473453317060185,0.0,0.025806543373078708,0.038422227654269885,0.008571817919070778,0.012291734612200875,0.0536879724535908,0.006925158170787078,0.003499173241953957,0.0019785036503035,0.0031318052794436706,0.0014099554050776377,0.0,0.0,0.0,0.0,0.0,0.0,0.0,0.0,0.0,0.0,0.0,0.0,0.0,0.0,0.0,0.0
LightGBM,Marine,0.22720200154256523,0.27921177846191747,0.0992031160578381,0.10323222257963159,0.06231315919158519,0.02694251743770082,0.15739977244829004,0.0,0.026655681652797584,0.06393811445334435,0.026631062088173264,0.11619254427124073,0.10728217540834344,0.04477879206985274,0.032666965451818956,0.029558954763730286,0.035692516433562256,0.11909781505311227,0.10766721299903471,0.03106877211196372,0.02771480216957634,7.178310263057917e-05,0.006943976347256121,0.13783647391717996,0.028041014351160503,0.048463095036989555,0.13523845141980517,0.011052959974830842,0.000909510933189813,0.0,0.01450150398919494,0.01595846059430123,0.011912784932108922,0.0017335985986360357,0.015460207615714153,0.013420583881128382,0.017793083886944457,0.0016834016799470485,0.012743601139142373,0.05060640963682187,0.00891718773391218,0.0,0.19922712494873543,0.0,0.04265596628905437,0.004127990422736801,0.001963947424228007,0.0025306838110902233,0.030689870491531216,0.00436231676248434,0.0037410002457852827,0.0033924265885673017,0.005562066269625343,0.002349741749899561,0.0,0.0,0.0,0.0,0.0,0.0,0.0,0.0,0.0,0.0,0.0,0.0,0.0,0.0,0.0,0.0
Stacking,Marine,8.2405234599579,13.460509808114075,2.784358107512623,7.704539589897281,1.664453133509854,1.3253033675738504,7.576334624045696,0.0,1.863832207649621,5.1377137537527915,0.7860188128203053,4.581018152251453,3.6718630095991016,4.6295956696945515,0.8792046824858359,1.770601231180832,0.7667023823384078,4.723791822603448,8.398634005943883,0.6585668312209125,0.8800805397562843,0.44096540877183665,0.5623692627370204,3.2678078350316473,5.505991487588351,2.0776293935435324,3.3488273107922693,0.474409773147216,0.30445693394574436,0.474508168816739,0.3620896263319376,0.23429115120978686,0.702132977961217,0.5966418076494499,0.824673791393412,0.5166562384046895,0.45783754854589886,0.612250410323989,0.5039721171543714,1.0186514407564171,0.836312094316843,0.4829147716311729,11.738016742953237,0.0,1.2997421841118082,1.5619475112234307,0.4271544386093651,0.5158267454822099,2.526994395018189,0.5795586109634899,0.5146831793558647,0.5705714358107506,0.4572559864891694,0.235734352677067,0.0,0.0,0.0,0.0,0.0,0.0,0.0,0.0,0.0,0.0,0.0,0.0,0.0,0.0,0.0,0.0
XGBoost,Mixed_Dry,0.21806065894104273,0.17006642477597614,0.12346557579268991,0.05845096150201252,0.10299327765925538,0.05359946400432295,0.17076561098851797,0.0005128963182936438,0.044045181632795756,0.044721694701157756,0.053256155893019776,0.07138005729327078,0.07721653862892003,0.08505287127809759,0.008376025349939578,0.024648877034773004,0.023520745565171104,0.07396252741767043,0.0634822276025485,0.006679256209924341,0.024605333377580082,0.0,0.0018443251410817892,0.013668841830166353,0.07796240846819391,0.02532007874514361,0.023855101338930654,0.013640218890207376,0.007515782809066873,0.008398703707469602,0.0069660067202748106,0.0171885521864193,0.011173630741673416,0.010919765037451725,0.007886393042120179,0.012726389735761711,0.007818861859396271,0.00012149614249588848,0.025101797420451606,0.011165213275740094,0.020868607953776066,0.0900951234744373,0.00599138098662381,0.00718052079365945,0.014228848241152782,0.006732811519561488,0.07030586154399879,0.006074251238691092,0.008221749003718871,0.021330293164205753,0.00889890736294357,0.004891766506506758,0.002625326151291157,0.010546215789124787,0.0,0.0,0.0,0.0,0.0,0.0,0.0,0.0,0.0,0.0,0.0,0.0,0.0,0.0,0.0,0.0
CatBoost,Mixed_Dry,0.1324318958526749,0.20854910602723398,0.06918440764092104,0.08784047508187155,0.08555073248840794,0.03865546739245438,0.1233629914175531,0.0028615942496527055,0.06113620749249795,0.04818382653577813,0.027843535760484154,0.07980818047298009,0.08209204234324631,0.054123395785935675,0.009305452201067248,0.05498922293868657,0.03677770165865728,0.06407653784159714,0.06121046766993771,0.0071668138940665545,0.020479728746371228,0.0,0.012981338193382014,0.02106674096544441,0.13995771209130742,0.02411644271782997,0.01937422164210178,0.01718309056779309,0.00591923011379666,0.017022618885364094,0.005479520468561659,0.028684497293484965,0.008735539436928154,0.019446509175222393,0.015542392247140794,0.01028433749903895,0.011179037241608373,0.012639813214787405,0.020437539653087124,0.008683825130965632,0.02767193671183579,0.07159757145470143,0.03206718916311066,0.10623621240275342,0.008847492099457361,0.004257377741592034,0.04721173700082373,0.01037695558870347,0.023217651509121508,0.014120498606527488,0.014221942956734937,0.005893599118329661,0.007964409687589264,0.010316084184939974,0.0,0.0,0.0,0.0,0.0,0.0,0.0,0.0,0.0,0.0,0.0,0.0,0.0,0.0,0.0,0.0
LightGBM,Mixed_Dry,0.23076696106789252,0.14428572437570644,0.15092031200905365,0.0726704059283464,0.10988410724585229,0.0408652177252577,0.2091763133387386,0.0,0.037273015209996437,0.04781906140917981,0.056104351252728286,0.0958202657858097,0.07486615636707034,0.0929259622921895,0.009576322110618169,0.03497877477775407,0.029715754408274817,0.06712273088848197,0.07095311630370635,0.0036356871417344613,0.021522586203697302,0.0,0.003303634972580733,0.02215287574488285,0.04841370448533151,0.02759411929806485,0.024709556408378144,0.006710337198624578,0.0,0.003511834196450251,0.004589381918077575,0.034312652016546354,0.014530524034709074,0.006321941143104802,0.012857648260252881,0.012870846432806905,0.012150306877806024,0.0015320270515637633,0.030793366809189582,0.008073825974182719,0.018936801336517525,0.11842265899991948,0.013566881001194018,0.009389897289010001,0.010382867135274861,0.012220770489264697,0.03382726515607969,0.0006353885662873288,0.014117026819673322,0.0177332106128624,0.01206816636727045,0.004426133270283744,0.005026864395907356,0.00755573351210147,0.0,0.0,0.0,0.0,0.0,0.0,0.0,0.0,0.0,0.0,0.0,0.0,0.0,0.0,0.0,0.0
Stacking,Mixed_Dry,1.5776183447296321,1.4406497036734447,1.4717040524260958,0.7620192974688201,0.6194840513354422,0.23644746138477632,1.9177531879374856,0.044453477842618154,0.21089130335274203,0.4669985021948815,0.1722964543366374,0.4745654213047601,0.8990257345304802,0.3909765882482264,0.0823826390423359,0.17426405688422952,0.1633661155568031,1.235104116202872,0.5760749412780518,0.07831184649786593,0.11434696420441615,0.0,0.06849293716285275,0.14964089105184375,0.7704529866509873,0.13423601962222717,0.22356703666926633,0.0908458526724643,0.07978384771457642,0.05919005023936719,0.10362939280866562,0.22637823295645076,0.08892866628242338,0.08134495540950101,0.055750364411469695,0.08805188565688284,0.11085434064760506,0.10547795780922459,0.1207142366650381,0.06973048646195351,0.10390704792273685,0.9666022241333172,0.10216122225194665,0.5790093448114624,0.05578516210311311,0.04258727171139833,0.6453558870966389,0.10349325030790935,0.1285385079996441,0.0802731251861857,0.07877347697372145,0.07979723542681003,0.04559199426384214,0.0289760660851258,0.0,0.0,0.0,0.0,0.0,0.0,0.0,0.0,0.0,0.0,0.0,0.0,0.0,0.0,0.0,0.0
XGBoost,Mixed_Humid,0.27164649087955844,0.20255210344550928,0.12849002236879078,0.11509225812926917,0.09889269768895353,0.04263803395127186,0.06507449499368537,0.02090780443596233,0.0697613706298247,0.05686240202605359,0.02957587267851537,0.09837629915593417,0.10046249056426129,0.04455152393448002,0.022540573363929135,0.0642744525644619,0.03407061408609933,0.16483331314164212,0.03912088292404106,0.03815954527522553,0.019957297699504366,0.00954635857100877,0.03225910316037184,0.015548224445856252,0.10984927011418302,0.01656454714141602,0.05154205767996916,0.0183785027539099,0.0004973044657298305,0.008811171806750645,0.004713316014276772,0.012922614209657146,0.010003942470939123,0.009493695645233448,0.01092718832078028,0.0072854488062640286,0.01137639933159166,0.01670052535643465,0.0011683531161393885,0.01381967663544392,0.0037643112260691797,0.010784371358121197,0.017770039924272445,0.0027700345424456836,0.002242934917403161,0.00988976470658088,0.009060845760925453,0.00048773928396307365,0.005150529930034118,0.0012571822032756259,0.0007949139629958146,0.0004956559880487118,0.0001391311580822365,0.0002700366130002658,0.0,0.0,0.0,0.0,0.0,0.0,0.0,0.0,0.0,0.0,0.0,0.0,0.0,0.0,0.0,0.0
CatBoost,Mixed_Humid,0.19353277936804078,0.17557843631567346,0.12582380288589062,0.1658418903180436,0.1062213376482772,0.04412681601093459,0.05568994582604865,0.02841035854491813,0.0827239674212421,0.08119009049662841,0.02117102960610245,0.10435942344779009,0.09092190702918887,0.03869458645550265,0.030989332367419745,0.07306542751221187,0.03446107323945903,0.14837551078210895,0.03756122152064163,0.042840419760589846,0.02343767998967072,0.014079332346474446,0.03446512365612407,0.025487869232133115,0.1736998186954726,0.020140591009176364,0.0598140144433133,0.033356460037392364,0.0010598731411046694,0.006966104823305359,0.005765185128702245,0.016951548761678186,0.009330567043085304,0.012187746400363518,0.011030298950380527,0.0074832965645268016,0.009030912538054752,0.02082352420639368,0.0017731251916107097,0.018462542809747625,0.003485136561927909,0.011508005835458307,0.008962143343960388,0.004507135543031815,0.003600326123213859,0.01112798999001707,0.009383978359980326,0.0035051805965927853,0.007542533486282431,0.0022349451376640623,0.0012987871580639359,0.0005938208851066679,0.0008851054190506753,0.0008807215272815845,0.0,0.0,0.0,0.0,0.0,0.0,0.0,0.0,0.0,0.0,0.0,0.0,0.0,0.0,0.0,0.0
LightGBM,Mixed_Humid,0.278588535316484,0.1999565821753923,0.14324075445120255,0.14396320982248922,0.10241319755061527,0.05988065820131005,0.06735045713663783,0.016124411618583426,0.0679262953124188,0.06390068828247202,0.027835614371928944,0.0970713508253964,0.10397232980303393,0.04158988918585159,0.03502783849209296,0.0585355747725664,0.037661326551974725,0.19695356009149542,0.048053198356439536,0.045997401275665074,0.0091906628740843,0.02499433567129774,0.038150117947813436,0.024958215838480544,0.09392579224071188,0.02032381149865523,0.059673553883569146,0.02284254338587667,0.001598492744821269,0.016023075201681725,0.006714180330908264,0.014485559790979931,0.016247248160273627,0.004047070770577359,0.029131011897317625,0.00964892448141386,0.008836948528850988,0.01680660561914511,0.002981673736867779,0.01471531578438088,0.002025092139965692,0.007864701008772259,0.014838279701902733,0.0026005857176604683,0.006007457641798575,0.01443337461790488,0.005390160919704761,0.0021225999424627816,0.005076152372623474,0.002731861180891562,0.0019710840937132226,0.0013575881347828187,0.0010397471516184222,0.0006694109992200465,0.0,0.0,0.0,0.0,0.0,0.0,0.0,0.0,0.0,0.0,0.0,0.0,0.0,0.0,0.0,0.0
Stacking,Mixed_Humid,29.443678299192904,15.54091586624407,11.110883961155828,28.867970948742244,6.082487357626443,3.4101468157971406,4.442409032446367,1.9415060150291605,3.471964089983396,11.092116010856543,1.4131246423141284,8.209911508467414,10.23939815994783,2.826922984047107,2.618141360642381,3.3965606057701057,2.3717503737690557,18.63398760015052,1.9508144819249966,4.7492271543940525,2.829204558638682,0.6726260812695272,1.653560466967557,1.3864289306401056,19.221171404507068,0.8739944163159243,5.983552844322328,2.735734732162576,0.21567138962175325,0.7038069081779461,0.5255959898798204,0.5163910310085101,0.720771593003703,0.6417469789734835,0.5126431240415674,0.7604471579750514,0.5442220256956536,1.0036286909859973,0.4744172732057639,1.3588818647128655,0.16811544075058596,0.5490993168715073,0.6972337337412364,0.43317744067446795,0.4702078787681115,0.5568032639006951,1.3032920746857177,0.7476631957781451,0.8336835287302707,0.44510490199685726,0.4866759266397844,0.6722048868138721,0.46193709734433513,0.7129906486150371,0.0,0.0,0.0,0.0,0.0,0.0,0.0,0.0,0.0,0.0,0.0,0.0,0.0,0.0,0.0,0.0
XGBoost,Very_Cold,0.21271244749694856,0.10066119819462609,0.02678845389197569,0.08560846211476095,0.06358803393693555,0.06684444729914339,0.08383528874268238,0.038135359583057804,0.04785350091143433,0.06138691921662004,0.07652811621412164,0.0882584114401304,0.06838635925703204,0.046648534175426255,0.038221314516174464,0.04257706669348042,0.02452176795608443,0.037759165750562027,0.006524788796805909,0.01915472959094702,0.016897481230634455,0.008007530407498284,0.011442319801507103,0.009511908116164204,0.06165576876164438,0.004708268096588817,0.00981501987489635,0.005752505180635921,0.005238557806420727,0.010060026800469492,0.02257600225730267,0.004775210840323847,0.008548674554986856,0.011136215813600246,0.012926656945225577,0.00566947427360963,0.01922929153199051,6.250981890902059e-05,0.01312792970346882,0.015154169471457594,0.008647269780235512,0.009469355319147154,0.006809511438385733,0.01766842725714399,0.007802918242292174,0.00678071233225182,0.017943524074054792,0.02193098716130624,0.003680692481155348,0.008622072452951622,0.0061697566190606875,0.011024587318591616,0.00956744687182302,0.004416986673355748,0.0,0.0,0.0,0.0,0.0,0.0,0.0,0.0,0.0,0.0,0.0,0.0,0.0,0.0,0.0,0.0
CatBoost,Very_Cold,0.15980225666355533,0.08011637772043607,0.018964917795804545,0.13018085347972244,0.06297571603840649,0.0517876870590806,0.06318689869489168,0.03533534225353411,0.06364249955626766,0.05490419479456931,0.027590406049996845,0.053416556921454465,0.07500199486701832,0.0444284879022754,0.038316758901835606,0.044744343663620234,0.02859263995124092,0.022288466210671678,0.009269672973753213,0.016611434697765003,0.013984661120908747,0.01446551483118539,0.027706017391660814,0.0111702999671219,0.0890522990306168,0.008936607920792384,0.01584399944134871,0.008104963733773389,0.0068006672657322355,0.012293225969574943,0.015653737305833717,0.01696904310770225,0.010014309879384627,0.009586401575919319,0.012101363462805739,0.005227015293872547,0.01264674578388427,0.026169336137395836,0.011450356071401317,0.008995724963493197,0.004219167741199834,0.011841398695338847,0.01525148005145271,0.015145062474198799,0.007766878202152266,0.005293841070575432,0.036432656058668626,0.012523348640613016,0.0036986740248137638,0.009939139398592258,0.005188250951079882,0.009287029474031473,0.005873941946592326,0.003284380970614915,0.0,0.0,0.0,0.0,0.0,0.0,0.0,0.0,0.0,0.0,0.0,0.0,0.0,0.0,0.0,0.0
LightGBM,Very_Cold,0.229295010222281,0.10352124297864139,0.02525588738214792,0.09650876371977193,0.060454517479573845,0.07114296173015557,0.06970247744673697,0.048725772133783374,0.0734170847872239,0.06400669332358168,0.08130129331734516,0.09558563307124456,0.05762559473630689,0.05749955340341905,0.04453214184035793,0.039325095500436266,0.022988740662174146,0.03453057480931138,0.008424941020146334,0.01772962994892315,0.018041684528525948,0.004496165079750117,0.024658650361781307,0.009934732253502653,0.05828446044136577,0.006754656355479825,0.014405640907433554,0.0070578585321608885,0.0,0.008055018318689678,0.014449998894440402,0.011866265546016296,0.010232104113660899,0.013122478045391026,0.014730154677579845,0.004346469410393597,0.01660791013486967,0.0004004390619462309,0.008023492112355233,0.016640217967780764,0.008404862971030774,0.011888240385012025,0.001743559290476697,0.020376108600205882,0.010242785701039302,0.004292006513922819,0.019534818459069337,0.007859212909518982,0.0026601934565862726,0.008271827705744354,0.004483573745344108,0.01244182854742249,0.009335016447305604,0.005816038265637546,0.0,0.0,0.0,0.0,0.0,0.0,0.0,0.0,0.0,0.0,0.0,0.0,0.0,0.0,0.0,0.0
Stacking,Very_Cold,17.01384330074623,5.1051589009541,0.7828797536236591,9.68975695092319,2.3997544828535773,3.930390243934539,3.7265836153095067,1.7781481468233558,3.0654003439677964,4.205663217576839,2.033202218972663,4.055468447590092,3.6472722629379195,2.4745376560621435,1.740120429693715,1.44192128772739,0.8971670283683493,1.0880197606683675,0.3582872360268258,0.3018719638499265,0.8095006050393568,0.683171316288187,0.7307546771803759,0.41977724094702884,4.172167477792054,0.3979867565535612,0.9415274594383853,0.4847958092976704,0.8263041889523725,0.2748194607519337,0.7274041109646033,0.47573796331035056,0.4767354245238852,0.3199222532947571,0.3645890057682831,0.29547400160663156,0.49452807122493725,0.4545379850257827,0.5080741909687542,0.19839310109659533,0.27336789007805523,0.3031776638498244,0.5339218890065183,0.49868650806946846,0.35738999405405003,0.447848658905057,0.980983286653585,0.43842192280472353,0.11926622292470357,0.20470236262571592,0.28327275814137315,0.38023743431488344,0.13588264671670575,0.44462144618011573,0.0,0.0,0.0,0.0,0.0,0.0,0.0,0.0,0.0,0.0,0.0,0.0,0.0,0.0,0.0,0.0
